订单编号,身份证号,客人姓名,手机号码,租用车辆编号,取车时间,还车时间,押金（元）,实际还车时间,应缴费用（元）,实缴费用（元）
2019021505,123452923912118000,张昊林,135123456,16,2019/04/15-13:00,2019/04/16-13:00,1105,2019/02/17-13:00,221,442
2019021506,2345529239121180000,科比,135234567,17,2019/04/16-14:00,2019/04/17-14:00,1106,2019/02/18-14:00,222,443
2019021507,3456529239121180000,姚明,135345678,18,2019/04/17-15:00,2019/04/18-15:00,1107,2019/02/19-15:00,223,444
2019021508,4567529239121180000,沙溢,135456789,19,2019/04/18-16:00,2019/04/19-16:00,1108,2019/02/20-16:00,224,445
2019021509,5678529239121180000,黄磊,135567890,7,2019/04/10-16:00,2019/07/13-16:00,1109,2019/07/15-16:00,225,446
2019021510,6789529239121180000,暹罗猫,135678901,13,2019/04/10-16:00,2019/06/13-16:00,1109,2019/07/16-16:00,226,447
2019021511,7890529239121180000,秋田犬,135789012,20,2019/04/10-16:00,2019/05/13-16:00,1109,2019/05/15-16:00,227,448
2019021512,8901529239121180000,迷hotel,135890123,14,2019/05/10-16:00,2019/05/13-16:00,1109,2019/05/15-16:00,228,449
2019021513,9012529239121180000,雷霆嘎巴,135901234,3,2019/03/16-16:00,2019/06/13-16:00,1109,2019/06/19-16:00,229,450
2019021513,0123529239121180000,mojito,135012345,5,2019/03/23-16:00,2019/06/13-16:00,1109,2019/06/19-16:00,229,450

